{"2":{"x":-1.3147453343176312,"y":64.56955226076099,"z":48.11047088610149},"4":{"x":-1.3147453343176312,"y":64.56955226076099,"z":48.11047088610149},"3":{"x":-1.3147453343176312,"y":64.56955226076099,"z":48.11047088610149},"0":{"x":-1.3147453343176312,"y":64.56955226076099,"z":48.11047088610149},"1":{"x":-1.3147453343176312,"y":64.56955226076099,"z":48.11047088610149}}